[
{
  "model": "auth.user",
  "fields": {
    "password": "pbkdf2_sha256$216000$mdAgSXIrooLn$FeAmj+NEYbtvFJb7MUmt3wzVgCNFkuRoNwy0OMXfkIs=",
    "last_login": "2021-10-14T14:23:14Z",
    "is_superuser": true,
    "username": "shawen17",
    "first_name": "oluwaseun",
    "last_name": "johnson",
    "email": "shawen022@yahoo.com",
    "is_staff": true,
    "is_active": true,
    "date_joined": "2021-09-03T12:59:12Z",
    "groups": [],
    "user_permissions": []
  }
},
{
  "model": "auth.user",
  "fields": {
    "password": "pbkdf2_sha256$216000$UzbPjygFOMRX$bGW4UYLt0TMG7ZI+9qUEIM0YtrLu2BIJ2scvruzljdo=",
    "last_login": "2021-10-15T13:21:30.715Z",
    "is_superuser": false,
    "username": "mayo",
    "first_name": "",
    "last_name": "",
    "email": "mayo@yahoo.com",
    "is_staff": false,
    "is_active": true,
    "date_joined": "2021-09-03T18:10:00.261Z",
    "groups": [],
    "user_permissions": []
  }
},
{
  "model": "auth.user",
  "fields": {
    "password": "pbkdf2_sha256$216000$CFqnlxlKaPpC$iFWZj8EdNGI981GkUyBw5SKbeasIJHCzRzLkRLi7ZDc=",
    "last_login": "2021-09-23T16:52:36.124Z",
    "is_superuser": false,
    "username": "yinkly",
    "first_name": "",
    "last_name": "",
    "email": "yinka@yahoo.com",
    "is_staff": false,
    "is_active": true,
    "date_joined": "2021-09-03T20:41:29.698Z",
    "groups": [],
    "user_permissions": []
  }
},
{
  "model": "auth.user",
  "fields": {
    "password": "pbkdf2_sha256$216000$okLerwbpHnSe$4uqETxU+VEw8GjWGkqqn3uOgjkiLa2j1cgTYPJZMPWk=",
    "last_login": "2021-10-04T11:46:09.204Z",
    "is_superuser": false,
    "username": "whitemoney",
    "first_name": "",
    "last_name": "",
    "email": "whitemoney@yahoo.com",
    "is_staff": false,
    "is_active": true,
    "date_joined": "2021-09-13T16:55:09.166Z",
    "groups": [],
    "user_permissions": []
  }
},
{
  "model": "auth.user",
  "fields": {
    "password": "pbkdf2_sha256$216000$AxQfgABUEsBg$Fivy15TcJzYmO5DYcYf+HtVVovvjv7mg6A//MNs9fp0=",
    "last_login": "2021-10-01T14:12:12.015Z",
    "is_superuser": false,
    "username": "tobby",
    "first_name": "",
    "last_name": "",
    "email": "tobby@yahoo.com",
    "is_staff": false,
    "is_active": true,
    "date_joined": "2021-09-15T10:07:46.248Z",
    "groups": [],
    "user_permissions": []
  }
},
{
  "model": "auth.user",
  "fields": {
    "password": "pbkdf2_sha256$216000$lTSnvCjAOKLm$9z1ad4YURFNmpKcgNenOVvfNxMGrmVRQvkQn6WrKnoA=",
    "last_login": "2021-09-15T10:22:34.596Z",
    "is_superuser": false,
    "username": "saga",
    "first_name": "",
    "last_name": "",
    "email": "saga@olobe.com",
    "is_staff": false,
    "is_active": true,
    "date_joined": "2021-09-15T10:22:33.182Z",
    "groups": [],
    "user_permissions": []
  }
},
{
  "model": "auth.user",
  "fields": {
    "password": "pbkdf2_sha256$216000$nKEwtoqpiw6r$YCdUCGjBu24Lx0A+da+eNt2uWcOh1Tfme8M845gahls=",
    "last_login": "2021-10-01T11:58:25.590Z",
    "is_superuser": false,
    "username": "otono",
    "first_name": "",
    "last_name": "",
    "email": "otono@yahoo.com",
    "is_staff": false,
    "is_active": true,
    "date_joined": "2021-10-01T11:08:06.938Z",
    "groups": [],
    "user_permissions": []
  }
},
{
  "model": "auth.user",
  "fields": {
    "password": "pbkdf2_sha256$216000$JdSq3WFyfGAH$PME7QI7MMo67yD+wQzcv156k/wWitS6rS75OjE1OZDc=",
    "last_login": "2021-10-01T11:14:02.880Z",
    "is_superuser": false,
    "username": "joshua",
    "first_name": "",
    "last_name": "",
    "email": "joshua@yahoo.com",
    "is_staff": false,
    "is_active": true,
    "date_joined": "2021-10-01T11:14:01.573Z",
    "groups": [],
    "user_permissions": []
  }
},
{
  "model": "sessions.session",
  "pk": "19w009uz7iv6qo30708m2bdvdkmh1ivi",
  "fields": {
    "session_data": ".eJxrYJ1qxQABtVN6uHISi0viS_JLkzOm9HCkJJaklmTmpiIzJ09x5mJ_ysXPo8PKNz13SuuUoCnFegAIFxes:1mbLd7:DPAZBBho9ZyihgcSgPtBlMR6GEjKdszoOeOslm5FUGk",
    "expire_date": "2021-10-29T11:44:05.997Z"
  }
},
{
  "model": "sessions.session",
  "pk": "21qt67pgcbhh7mlmenha6oktb1sn7qzw",
  "fields": {
    "session_data": ".eJxVjMsOwiAQRf-FtSETXgMu3fsNZGBAqoYmpV0Z_12bdKHbe865LxFpW1vcRlnixOIstDj9bonyo_Qd8J36bZZ57usyJbkr8qBDXmcuz8vh_h00Gu1bIzrtHGFRvoIPKVsAqzWjYq4V2QVvKGtIhoyySKCdZ4Uhq4qmeBDvD8ibNyc:1mOgt2:B6dXwfIS725Ss92P5kypWTkDCvHc5ZZoXfVSADNBbnE",
    "expire_date": "2021-09-24T13:48:12.958Z"
  }
},
{
  "model": "sessions.session",
  "pk": "dnnga7e03nw4z5x1ali60wk05cbingoh",
  "fields": {
    "session_data": ".eJxVjDkOwjAQAP_iGlnrK8lS0ucN1q4PHECOFCcV4u_IUgpoZ0bzFp6Ovfijpc0vUVyFEpdfxhSeqXYRH1Tvqwxr3beFZU_kaZuc15het7P9GxRqpW-NS6xGhQRsQCNYRwNnYx0MNoxZszOTgsyajZrQQnQxG8wRHTIEEp8vuHE3Lg:1mMHyv:SzQL6-rGsLw3UsExWzT9wuMV3MAR3LiFBfCgK4nrGgU",
    "expire_date": "2021-09-17T22:48:21.904Z"
  }
},
{
  "model": "sessions.session",
  "pk": "m7gu0dz0rkh16dvxet1734jbuas78kzt",
  "fields": {
    "session_data": ".eJxrYJ1qxQABtVN6uHISi0viS_JLkzOm9HCkJJaklmTmpiIzJ09x5mJ_ysXPJybD94J9SuuUoCnFegAHzxea:1mbNAL:yFzn-8wrVG5-TxNz5p5z5pRIIHgb52vW5HdeUyohJ9A",
    "expire_date": "2021-10-29T13:22:29.012Z"
  }
},
{
  "model": "sessions.session",
  "pk": "np19dmo6f0p3snyfmbj4ojiumujf3go3",
  "fields": {
    "session_data": ".eJxVjDsOwjAQBe_iGln-fyjpcwZr115wANlSnFSIu0OkFNC-mXkvlmBba9oGLWku7MwUO_1uCPlBbQflDu3Wee5tXWbku8IPOvjUCz0vh_t3UGHUb-0RizYElnzIllwMRskITgudzdWBDt5kq43FHEgoAhDSRwNeekGyIHt_AN-nN54:1mX1v3:enaSKQqZBB1V_aQQVlnGA-HG40Lit1dVX3PsHv80g2o",
    "expire_date": "2021-10-17T13:52:45.666Z"
  }
},
{
  "model": "sessions.session",
  "pk": "ob3fpxnf6ji8jri9r2r6o85qbdr0k329",
  "fields": {
    "session_data": ".eJxVjckOwiAURf-FtWkeU1vc2R8h7zEEYkMTgZXx3xXThS7vudOTWewt2V7Dw2bProyzyy8jdPdQhoH7PvCEzh29tOmbOe063T4qlJYdtnyU7Wz9TSWsaRxIHYgv3CCQBGFAaZwpSqVhVm6JgrRcOUQSJPlqFHjtozTRG20IHLLXG5BtO6I:1mW1l0:UHeX1_V1L-dZ7A_i5TuOKdRXZDZ_LJ6XnWRlQeBwj70",
    "expire_date": "2021-10-14T19:30:14.135Z"
  }
},
{
  "model": "sessions.session",
  "pk": "scxukolmob7ztpe1qxnjmeaqhz1ryijj",
  "fields": {
    "session_data": ".eJxrYJ1qxQABtVN6uHISi0viS_JLkzOm9HCkJJaklmTmpiIzJ09x5mJ_ysXPKSrCLhQ8pXVK0JRiPQABvhb7:1mbISu:-hXSJjkxOVt2FzOuir0b3tpeBvbA0zz4lKmft5G5wa8",
    "expire_date": "2021-10-29T08:21:20.500Z"
  }
},
{
  "model": "blog.blog",
  "pk": 1,
  "fields": {
    "title": "Things fall apart",
    "date": "2021-09-28",
    "image": "car1.jpg",
    "description": "my project description",
    "story": "Yomi is an olobe <b>big one at that</b> because he likes licking soup and he will never volunteer to give you from it.\r\nThis page shares my best articles to read on topics like health, happiness, creativity, productivity and more. The central question that drives my work is, “How can we live better?” To answer that question, I like to write about science-based ways to solve practical problems.\r\n\r\nYou’ll find interesting articles to read on topics like how to stop procrastinating as well as personal recommendations like my list of the best books to read and my minimalist travel guide. Ready to dive in? You can use the categories below to browse my best articles.",
    "genre": "thriller"
  }
},
{
  "model": "blog.blog",
  "pk": 2,
  "fields": {
    "title": "good journey",
    "date": "2021-09-28",
    "image": "car1.jpg",
    "description": "second test",
    "story": "However, truth and accuracy are not the only things that matter to the human mind. Humans also seem to have a deep desire to belong.\r\n\r\nIn Atomic Habits, I wrote, “Humans are herd animals. We want to fit in, to bond with others, and to earn the respect and approval of our peers. Such inclinations are essential to our survival. For most of our evolutionary history, our ancestors lived in tribes. Becoming separated from the tribe—or worse, being cast out—was a death sentence.”\r\n\r\nUnderstanding the truth of a situation is important, but so is remaining part of a tribe. While these two desires often work well together, they occasionally come into conflict.\r\n\r\nIn many circumstances, social connection is actually more helpful to your daily life than understanding the truth of a particular fact or idea. The Harvard psychologist Steven Pinker put it this way, “People are embraced or condemned according to their beliefs, so one function of the mind may be to hold beliefs that bring the belief-holder the greatest number of allies, protectors, or disciples, rather than beliefs that are most likely to be true.”",
    "genre": "travel"
  }
},
{
  "model": "blog.blog",
  "pk": 3,
  "fields": {
    "title": "Fatherhood",
    "date": "2021-09-30",
    "image": "givers/images/city.jpeg",
    "description": "life change that comes with being a father",
    "story": "thhe mkjkf k kjw jnkjd  bjkonf jjn;swnvlklk;l knlsnnkfjnlosnnf lkkd njdnj jnold kjnsn lnkvb lkn lks kmf uiab skjn  knj vkjkksbauudnnfkndlsm  lks  vn nd d djdnkkabd ijdjkdsn  aks djbskjnd.\r\nThs jkns  jns knov nknjsn jnoif bbgdghyugsjjb dond mjknfjhbihnfc kis jks kod kls bkod jshkifdb so oisjbdohns",
    "genre": "Reality"
  }
},
{
  "model": "blog.blog",
  "pk": 4,
  "fields": {
    "title": "Motherhood",
    "date": "2021-09-30",
    "image": "givers/images/city1.jpg",
    "description": "life change that comes with being a mother",
    "story": "The art of giving and sacrifice is what makes you a mother, as it will always call up on you in many scenario and you must make it count .\r\nthbjs bjhb djbb kjahbiushjbiss idnjuha ibihakiok uus d kabobd jkndbg  akbd kod bfnjv dskknc",
    "genre": "Reality"
  }
},
{
  "model": "blog.comment",
  "pk": 1,
  "fields": {
    "post": 2,
    "email": "julius@yahoo.com",
    "body": "i dont like how people reason at all",
    "created": "2021-09-29T15:45:13.472Z",
    "active": true
  }
},
{
  "model": "blog.comment",
  "pk": 2,
  "fields": {
    "post": 1,
    "email": "shawn@yahoo.com",
    "body": "i like it so much",
    "created": "2021-09-29T16:02:00.462Z",
    "active": true
  }
},
{
  "model": "blog.comment",
  "pk": 3,
  "fields": {
    "post": 1,
    "email": "yinkly@yahoo.com",
    "body": "this is a bunch of crap as the argument is flawed",
    "created": "2021-09-29T16:03:39.175Z",
    "active": true
  }
},
{
  "model": "blog.comment",
  "id": 4,
  "fields": {
    "post": 2,
    "email": "yinkly@yahoo.com",
    "body": "i really like this article",
    "created": "2021-09-30T00:07:17.545Z",
    "active": true
  }
},
{
  "model": "sites.site",
  "fields": {
    "domain": "example.com",
    "name": "example.com"
  }
},
{
  "model": "givers.profile",
  "pk": 1,
  "fields": {
    "user": [
      "shawen17"
    ],
    "firstname": "oluwaseun",
    "lastname": "johnson",
    "email": "shawen022@yahoo.com",
    "state": "lagos",
    "phone_number": 8000000000,
    "sex": "male",
    "profile_pic": "car1.jpg",
    "bio": "",
    "date_joined": "2021-09-03T12:59:12.421Z"
  }
},
{
  "model": "givers.profile",
  "pk": 2,
  "fields": {
    "user": [
      "mayo"
    ],
    "firstname": "mayowa",
    "lastname": "johnson",
    "email": "mayo@yahoo.com",
    "state": "lagos",
    "phone_number": 8055574940,
    "sex": "male",
    "profile_pic": "car1.jpg",
    "bio": "",
    "date_joined": "2021-09-03T18:10:00.861Z"
  }
},
{
  "model": "givers.profile",
  "pk": 4,
  "fields": {
    "user": [
      "yinkly"
    ],
    "firstname": "yinka",
    "lastname": "johnson",
    "email": "yinka@yahoo.com",
    "state": "osun",
    "phone_number": 8169838742,
    "sex": "female",
    "profile_pic": "car1.jpg",
    "bio": "",
    "date_joined": "2021-09-03T20:41:30.365Z"
  }
},
{
  "model": "givers.profile",
  "pk": 5,
  "fields": {
    "user": [
      "whitemoney"
    ],
    "firstname": "white",
    "lastname": "johnson",
    "email": "whitemoney@yahoo.com",
    "state": "osun",
    "phone_number": 8189838742,
    "sex": "male",
    "profile_pic": "givers/images/6.jpg",
    "bio": "i be gentle boy",
    "date_joined": "2021-09-13T16:55:09.793Z"
  }
},
{
  "model": "givers.profile",
  "pk": 6,
  "fields": {
    "user": [
      "tobby"
    ],
    "firstname": "tobi",
    "lastname": "johnson",
    "email": "tobby@yahoo.com",
    "state": "lagos",
    "phone_number": 8084400850,
    "sex": "female",
    "profile_pic": "car1.jpg",
    "bio": "",
    "date_joined": "2021-09-15T10:07:46.829Z"
  }
},
{
  "model": "givers.profile",
  "pk": 7,
  "fields": {
    "user": [
      "saga"
    ],
    "firstname": "saga",
    "lastname": "olobe",
    "email": "saga@olobe.com",
    "state": "ogun",
    "phone_number": 8023456789,
    "sex": "male",
    "profile_pic": "car1.jpg",
    "bio": "",
    "date_joined": "2021-09-15T10:22:33.627Z"
  }
},
{
  "model": "givers.profile",
  "pk": 8,
  "fields": {
    "user": [
      "otono"
    ],
    "firstname": "charles",
    "lastname": "otono",
    "email": "otono@yahoo.com",
    "state": "lagos",
    "phone_number": 8033456787,
    "sex": "male",
    "profile_pic": "givers/images/5.jpg",
    "bio": "",
    "date_joined": "2021-10-01T11:08:07.450Z"
  }
},
{
  "model": "givers.profile",
  "pk": 9,
  "fields": {
    "user": [
      "joshua"
    ],
    "firstname": "joshua",
    "lastname": "johnson",
    "email": "joshua@yahoo.com",
    "state": "lagos",
    "phone_number": 8055574098,
    "sex": "male",
    "profile_pic": "profile_pic.jpg",
    "bio": "",
    "date_joined": "2021-10-01T11:14:01.931Z"
  }
},
{
  "model": "givers.give",
  "pk": 26,
  "fields": {
    "user": [
      "mayo"
    ],
    "state": "lagos",
    "name": "techno phone",
    "category": "mobile",
    "description": "4gb ram",
    "image": "curve_tv_ou1v3eD.jpg",
    "quantity": 1,
    "giver_number": 8181267583,
    "address": "",
    "date_posted": "2021-09-13T13:57:03.257Z",
    "date_requested": "2021-09-22T10:45:49.569Z",
    "date_received": null,
    "gift_recipient": "mayo",
    "gift_status": "requested"
  }
},
{
  "model": "givers.give",
  "pk": 28,
  "fields": {
    "user": [
      "whitemoney"
    ],
    "state": "lagos",
    "name": "samsung tv",
    "category": "electronics",
    "description": "32 inch tv",
    "image": "sam_tv_R0G70Le.jpg",
    "quantity": 1,
    "giver_number": 8169838742,
    "address": "",
    "date_posted": "2021-09-13T17:02:02.076Z",
    "date_requested": "2021-09-22T10:50:09.238Z",
    "date_received": null,
    "gift_recipient": "mayo",
    "gift_status": "requested"
  }
},
{
  "model": "givers.give",
  "pk": 29,
  "fields": {
    "user": [
      "mayo"
    ],
    "state": "lagos",
    "name": "t-shirts",
    "category": "clothe",
    "description": "hyyyyyyy",
    "image": "kitchen_pot2.jpg",
    "quantity": 2,
    "giver_number": 877654421,
    "address": "",
    "date_posted": "2021-09-17T15:06:37.393Z",
    "date_requested": "2021-09-22T10:53:46.549Z",
    "date_received": null,
    "gift_recipient": "mayo",
    "gift_status": "redeemed"
  }
},
{
  "model": "givers.give",
  "pk": 31,
  "fields": {
    "user": [
      "whitemoney"
    ],
    "state": "osun",
    "name": "dinner set",
    "category": "furniture",
    "description": "4 chairs and a table dinner set",
    "image": "sam_tv_uJ3pNTk.jpg",
    "quantity": 1,
    "giver_number": 8055574940,
    "address": "",
    "date_posted": "2021-09-23T13:08:32.002Z",
    "date_requested": null,
    "date_received": null,
    "gift_recipient": "",
    "gift_status": "unpicked"
  }
},
{
  "model": "givers.give",
  "pk": 32,
  "fields": {
    "user": [
      "whitemoney"
    ],
    "state": "osun",
    "name": "smart tv",
    "category": "electronics",
    "description": "32 inch tv",
    "image": "curve_tv_2EeWB2C.jpg",
    "quantity": 1,
    "giver_number": 8055574940,
    "address": "",
    "date_posted": "2021-09-23T13:10:38.177Z",
    "date_requested": "2021-09-23T14:29:14.108Z",
    "date_received": null,
    "gift_recipient": "yinkly",
    "gift_status": "redeemed"
  }
},
{
  "model": "givers.give",
  "pk": 33,
  "fields": {
    "user": [
      "whitemoney"
    ],
    "state": "osun",
    "name": "pot",
    "category": "kitchen-utensils",
    "description": "ceramic pot",
    "image": "kitchen_pot2_V7JkwBv.jpg",
    "quantity": 1,
    "giver_number": 77777777777777,
    "address": "",
    "date_posted": "2021-09-23T13:56:02.045Z",
    "date_requested": "2021-09-23T14:11:47.324Z",
    "date_received": null,
    "gift_recipient": "yinkly",
    "gift_status": "redeemed"
  }
},
{
  "model": "givers.give",
  "pk": 34,
  "fields": {
    "user": [
      "mayo"
    ],
    "state": "lagos",
    "name": "dildo",
    "category": "toy",
    "description": "nice",
    "image": "car1_o11RirP.jpg",
    "quantity": 1,
    "giver_number": 45666666,
    "address": "",
    "date_posted": "2021-09-24T09:43:52.237Z",
    "date_requested": "2021-09-24T09:47:18.471Z",
    "date_received": null,
    "gift_recipient": "tobby",
    "gift_status": "redeemed"
  }
},
{
  "model": "givers.give",
  "pk": 35,
  "fields": {
    "user": [
      "whitemoney"
    ],
    "state": "lagos",
    "name": "pot",
    "category": "kitchen-utensils",
    "description": "pot",
    "image": "kitchen_pot2_7N4XAKw.jpg",
    "quantity": 1,
    "giver_number": 33333333,
    "address": "",
    "date_posted": "2021-09-24T10:22:31.850Z",
    "date_requested": "2021-09-24T10:23:21.209Z",
    "date_received": null,
    "gift_recipient": "tobby",
    "gift_status": "redeemed"
  }
},
{
  "model": "givers.give",
  "pk": 36,
  "fields": {
    "user": [
      "mayo"
    ],
    "state": "lagos",
    "name": "hp laptop",
    "category": "laptop",
    "description": "13gb ram laptop",
    "image": "glo.jpg",
    "quantity": 1,
    "giver_number": 56666666666,
    "address": "",
    "date_posted": "2021-09-27T09:56:17.339Z",
    "date_requested": "2021-09-27T13:19:54.224Z",
    "date_received": null,
    "gift_recipient": "tobby",
    "gift_status": "redeemed"
  }
},
{
  "model": "givers.give",
  "pk": 37,
  "fields": {
    "user": [
      "mayo"
    ],
    "state": "lagos",
    "name": "top",
    "category": "clothe",
    "description": "xl shirt",
    "image": "car1_fRgFc08.jpg",
    "quantity": 1,
    "giver_number": 1234567,
    "address": "",
    "date_posted": "2021-09-27T10:08:53.812Z",
    "date_requested": "2021-09-29T23:50:25.343Z",
    "date_received": null,
    "gift_recipient": "tobby",
    "gift_status": "redeemed"
  }
},
{
  "model": "givers.give",
  "pk": 38,
  "fields": {
    "user": [
      "mayo"
    ],
    "state": "lagos",
    "name": "toy car",
    "category": "toy",
    "description": "whining toy car",
    "image": "car3_eCUPN7P.jpg",
    "quantity": 2,
    "giver_number": 456789023,
    "address": "",
    "date_posted": "2021-09-27T10:13:55.883Z",
    "date_requested": "2021-10-01T14:07:13.412Z",
    "date_received": null,
    "gift_recipient": "tobby",
    "gift_status": "redeemed"
  }
},
{
  "model": "givers.give",
  "pk": 39,
  "fields": {
    "user": [
      "mayo"
    ],
    "state": "lagos",
    "name": "top op",
    "category": "bicycle",
    "description": "bicycle",
    "image": "car1_uCWUk3B.jpg",
    "quantity": 1,
    "giver_number": 4567890,
    "address": "",
    "date_posted": "2021-09-27T10:14:47.714Z",
    "date_requested": "2021-10-03T12:57:42.797Z",
    "date_received": null,
    "gift_recipient": "mayo",
    "gift_status": "redeemed"
  }
},
{
  "model": "givers.give",
  "pk": 40,
  "fields": {
    "user": [
      "mayo"
    ],
    "state": "lagos",
    "name": "desktop systems",
    "category": "laptop",
    "description": "16gb ram system",
    "image": "car2_afZGhWQ.jpg",
    "quantity": 1,
    "giver_number": 8033456787,
    "address": "ilorin",
    "date_posted": "2021-09-27T10:15:23.712Z",
    "date_requested": null,
    "date_received": null,
    "gift_recipient": "",
    "gift_status": "unpicked"
  }
},
{
  "model": "givers.contactus",
  "pk": 1,
  "fields": {
    "ticket": "pqROOtzF",
    "email": "yinkly@yahoo.com",
    "subject": "complaint",
    "body": "after 3days of making payment, I am yet to get my order.",
    "date": "2021-09-23T16:56:48.819Z"
  }
},
{
  "model": "givers.contactus",
  "pk": 2,
  "fields": {
    "ticket": "",
    "email": "fash@yahoo.com",
    "subject": "enquiry",
    "body": "how long will i get my order from another state",
    "date": "2021-09-24T08:43:49.824Z"
  }
},
{
  "model": "givers.contactus",
  "pk": 3,
  "fields": {
    "ticket": "",
    "email": "fash@yahoo.com",
    "subject": "enquiry",
    "body": "how long will i get my order from another state",
    "date": "2021-09-24T08:45:03.207Z"
  }
},
{
  "model": "givers.contactus",
  "pk": 4,
  "fields": {
    "ticket": "",
    "email": "fash@yahoo.com",
    "subject": "enquiry",
    "body": "hhshhshshhsh",
    "date": "2021-09-24T08:47:12.005Z"
  }
},
{
  "model": "givers.contactus",
  "pk": 5,
  "fields": {
    "ticket": "",
    "email": "fash@yahoo.com",
    "subject": "others",
    "body": "wetin dey sup na",
    "date": "2021-09-24T08:52:35.688Z"
  }
},
{
  "model": "givers.contactus",
  "pk": 6,
  "fields": {
    "ticket": "",
    "email": "shawn@yahoo.com",
    "subject": "enquiry",
    "body": "jhgfrrrrr",
    "date": "2021-09-24T08:55:10.924Z"
  }
},
{
  "model": "givers.contactus",
  "pk": 7,
  "fields": {
    "ticket": "",
    "email": "yomi@yahoo.com",
    "subject": "enquiry",
    "body": "hhhhhhhhhhh",
    "date": "2021-10-08T11:32:32.697Z"
  }
},
{
  "model": "givers.contactus",
  "pk": 8,
  "fields": {
    "ticket": "",
    "email": "yomi@yahoo.com",
    "subject": "enquiry",
    "body": "hhhhhhhhhhhhhhhh",
    "date": "2021-10-08T11:34:24.510Z"
  }
},
{
  "model": "givers.contactus",
  "pk": 9,
  "fields": {
    "ticket": "",
    "email": "yomi@yahoo.com",
    "subject": "complaint",
    "body": "hhhhhhhhhhhhhhh",
    "date": "2021-10-08T11:38:11.826Z"
  }
},
{
  "model": "givers.vendor",
  "pk": 7,
  "fields": {
    "give": 26,
    "ticket": "efNvRtwO",
    "image": "givers/images/curve_tv.jpg",
    "state": "lagos",
    "name": "techno phone",
    "request_date": "2021-09-22T10:54:24.683Z",
    "category": "mobile",
    "giver_number": 8181267583,
    "address": "",
    "receiver_number": 4567890,
    "giver_contacted": true,
    "receiver_contacted": true,
    "delivery_address": "akute",
    "amount": null,
    "payment_status": true,
    "delivered": true
  }
},
{
  "model": "givers.vendor",
  "pk": 9,
  "fields": {
    "give": 28,
    "ticket": "efNvRtwO",
    "image": "givers/images/sam_tv_Ghl9BBh.jpg",
    "state": "lagos",
    "name": "samsung tv",
    "request_date": "2021-09-22T10:54:24.892Z",
    "category": "electronics",
    "giver_number": 8169838742,
    "address": "",
    "receiver_number": 4567890,
    "giver_contacted": false,
    "receiver_contacted": false,
    "delivery_address": "akute",
    "amount": null,
    "payment_status": true,
    "delivered": true
  }
},
{
  "model": "givers.vendor",
  "pk": 10,
  "fields": {
    "give": 29,
    "ticket": "2ujtjBZ2",
    "image": "givers/images/kitchen_pot2.jpg",
    "state": "lagos",
    "name": "t-shirts",
    "request_date": "2021-09-23T12:07:35.873Z",
    "category": "clothe",
    "giver_number": 877654421,
    "address": "",
    "receiver_number": 44444444,
    "giver_contacted": true,
    "receiver_contacted": true,
    "delivery_address": "dddddddd",
    "amount": 2000,
    "payment_status": true,
    "delivered": false
  }
},
{
  "model": "givers.vendor",
  "pk": 12,
  "fields": {
    "give": 31,
    "ticket": "",
    "image": "givers/images/sam_tv_IloBwmP.jpg",
    "state": "osun",
    "name": "dinner set",
    "request_date": "2021-09-23T13:12:48Z",
    "category": "furniture",
    "giver_number": 8055574940,
    "address": "",
    "receiver_number": null,
    "giver_contacted": false,
    "receiver_contacted": false,
    "delivery_address": null,
    "amount": null,
    "payment_status": false,
    "delivered": false
  }
},
{
  "model": "givers.vendor",
  "pk": 13,
  "fields": {
    "give": 32,
    "ticket": "pqROOtzF",
    "image": "givers/images/curve_tv_YYOtcs8.jpg",
    "state": "osun",
    "name": "smart tv",
    "request_date": "2021-09-23T14:29:46Z",
    "category": "electronics",
    "giver_number": 8055574940,
    "address": "ggggggg",
    "receiver_number": 56777890,
    "giver_contacted": true,
    "receiver_contacted": true,
    "delivery_address": "jjj ksj dj s vjjs",
    "amount": 1000,
    "payment_status": true,
    "delivered": false
  }
},
{
  "model": "givers.vendor",
  "pk": 14,
  "fields": {
    "give": 33,
    "ticket": "F8DWswej",
    "image": "givers/images/kitchen_pot2_q7weS0c.jpg",
    "state": "osun",
    "name": "pot",
    "request_date": "2021-09-23T14:13:13Z",
    "category": "kitchen-utensils",
    "giver_number": 77777777777777,
    "address": "",
    "receiver_number": 67777777,
    "giver_contacted": true,
    "receiver_contacted": true,
    "delivery_address": "powder",
    "amount": 1500,
    "payment_status": false,
    "delivered": false
  }
},
{
  "model": "givers.vendor",
  "pk": 15,
  "fields": {
    "give": 34,
    "ticket": "CLnAVx1j",
    "image": "givers/images/car1_HbFL11E.jpg",
    "state": "lagos",
    "name": "dildo",
    "request_date": "2021-09-24T11:48:10Z",
    "category": "toy",
    "giver_number": 45666666,
    "address": "",
    "receiver_number": 55555555555,
    "giver_contacted": true,
    "receiver_contacted": true,
    "delivery_address": "olahhh",
    "amount": 1500,
    "payment_status": false,
    "delivered": false
  }
},
{
  "model": "givers.vendor",
  "pk": 16,
  "fields": {
    "give": 35,
    "ticket": "CLnAVx1j",
    "image": "givers/images/kitchen_pot2_kxraEJH.jpg",
    "state": "lagos",
    "name": "pot",
    "request_date": "2021-09-24T11:48:11Z",
    "category": "kitchen-utensils",
    "giver_number": 33333333,
    "address": "gggggg",
    "receiver_number": 55555555555,
    "giver_contacted": true,
    "receiver_contacted": true,
    "delivery_address": "olahhh",
    "amount": 1200,
    "payment_status": true,
    "delivered": false
  }
},
{
  "model": "givers.vendor",
  "pk": 17,
  "fields": {
    "give": 36,
    "ticket": "Zn2R5dvd",
    "image": "givers/images/glo.jpg",
    "state": "lagos",
    "name": "hp laptop",
    "request_date": "2021-09-27T13:20:42Z",
    "category": "laptop",
    "giver_number": 56666666666,
    "address": "",
    "receiver_number": 904567892,
    "giver_contacted": true,
    "receiver_contacted": true,
    "delivery_address": "13, adeleye str\r\nlagos",
    "amount": 1900,
    "payment_status": true,
    "delivered": false
  }
},
{
  "model": "givers.vendor",
  "pk": 18,
  "fields": {
    "give": 37,
    "ticket": "KL2FVMDW",
    "image": "givers/images/car1_yaHcFUR.jpg",
    "state": "lagos",
    "name": "top",
    "request_date": "2021-09-29T23:53:28Z",
    "category": "clothe",
    "giver_number": 1234567,
    "address": "13 bawala",
    "receiver_number": 88888888,
    "giver_contacted": true,
    "receiver_contacted": true,
    "delivery_address": "13, olaleye str,\r\ngbagada",
    "amount": 1500,
    "payment_status": true,
    "delivered": false
  }
},
{
  "model": "givers.vendor",
  "pk": 19,
  "fields": {
    "give": 38,
    "ticket": "Oh6Ww2",
    "image": "givers/images/car3_hljhkbI.jpg",
    "state": "lagos",
    "name": "toy car",
    "request_date": "2021-10-01T14:08:21Z",
    "category": "toy",
    "giver_number": 456789023,
    "address": "yyyyyyyyyyyyyyy",
    "receiver_number": 98888888,
    "giver_contacted": false,
    "receiver_contacted": false,
    "delivery_address": "ggggggggg",
    "amount": 1500,
    "payment_status": true,
    "delivered": false
  }
},
{
  "model": "givers.vendor",
  "pk": 20,
  "fields": {
    "give": 39,
    "ticket": "R6Db6c",
    "image": "givers/images/car1_jEw7JLL.jpg",
    "state": "lagos",
    "name": "top op",
    "request_date": "2021-10-04T14:04:15.086Z",
    "category": "bicycle",
    "giver_number": 4567890,
    "address": "",
    "receiver_number": 555555555,
    "giver_contacted": false,
    "receiver_contacted": false,
    "delivery_address": "OLKDAFG",
    "amount": null,
    "payment_status": true,
    "delivered": false
  }
},
{
  "model": "givers.vendor",
  "pk": 21,
  "fields": {
    "give": 40,
    "ticket": "tttttttt",
    "image": "givers/images/car2_MEafaIw.jpg",
    "state": "lagos",
    "name": "desktop systems",
    "request_date": "2021-09-27T13:20:42Z",
    "category": "laptop",
    "giver_number": 34567890,
    "address": "ilorin",
    "receiver_number": null,
    "giver_contacted": false,
    "receiver_contacted": false,
    "delivery_address": "",
    "amount": null,
    "payment_status": true,
    "delivered": false
  }
},
{
  "model": "admin.logentry",
  "pk": 1,
  "fields": {
    "action_time": "2021-09-06T14:28:37.417Z",
    "user": [
      "shawen17"
    ],
    "content_type": [
      "givers",
      "vendor"
    ],
    "object_id": "1",
    "object_repr": "Vendor object (1)",
    "action_flag": 1,
    "change_message": "[{\"added\": {}}]"
  }
},
{
  "model": "admin.logentry",
  "pk": 2,
  "fields": {
    "action_time": "2021-09-06T14:30:50.774Z",
    "user": [
      "shawen17"
    ],
    "content_type": [
      "givers",
      "vendor"
    ],
    "object_id": "1",
    "object_repr": "Vendor object (1)",
    "action_flag": 2,
    "change_message": "[]"
  }
},
{
  "model": "admin.logentry",
  "pk": 3,
  "fields": {
    "action_time": "2021-09-06T14:37:48.526Z",
    "user": [
      "shawen17"
    ],
    "content_type": [
      "givers",
      "vendor"
    ],
    "object_id": "1",
    "object_repr": "Vendor object (1)",
    "action_flag": 2,
    "change_message": "[{\"changed\": {\"fields\": [\"Giver contacted\", \"Receiver contacted\", \"Amount\", \"Delivered\"]}}]"
  }
},
{
  "model": "admin.logentry",
  "pk": 4,
  "fields": {
    "action_time": "2021-09-07T19:17:14.047Z",
    "user": [
      "shawen17"
    ],
    "content_type": [
      "givers",
      "vendor"
    ],
    "object_id": "1",
    "object_repr": "666666",
    "action_flag": 3,
    "change_message": ""
  }
},
{
  "model": "admin.logentry",
  "pk": 5,
  "fields": {
    "action_time": "2021-09-09T13:01:32.138Z",
    "user": [
      "shawen17"
    ],
    "content_type": [
      "givers",
      "profile"
    ],
    "object_id": "4",
    "object_repr": "yinkly",
    "action_flag": 2,
    "change_message": "[{\"changed\": {\"fields\": [\"State\", \"Phone number\"]}}]"
  }
},
{
  "model": "admin.logentry",
  "pk": 6,
  "fields": {
    "action_time": "2021-09-10T13:26:00.570Z",
    "user": [
      "shawen17"
    ],
    "content_type": [
      "givers",
      "give"
    ],
    "object_id": "24",
    "object_repr": "dell laptop",
    "action_flag": 3,
    "change_message": ""
  }
},
{
  "model": "admin.logentry",
  "pk": 7,
  "fields": {
    "action_time": "2021-09-10T13:26:00.707Z",
    "user": [
      "shawen17"
    ],
    "content_type": [
      "givers",
      "give"
    ],
    "object_id": "18",
    "object_repr": "bluetooth speaker",
    "action_flag": 3,
    "change_message": ""
  }
},
{
  "model": "admin.logentry",
  "pk": 8,
  "fields": {
    "action_time": "2021-09-10T13:26:00.828Z",
    "user": [
      "shawen17"
    ],
    "content_type": [
      "givers",
      "give"
    ],
    "object_id": "8",
    "object_repr": "baby toy",
    "action_flag": 3,
    "change_message": ""
  }
},
{
  "model": "admin.logentry",
  "pk": 9,
  "fields": {
    "action_time": "2021-09-10T13:26:00.961Z",
    "user": [
      "shawen17"
    ],
    "content_type": [
      "givers",
      "give"
    ],
    "object_id": "7",
    "object_repr": "toy car",
    "action_flag": 3,
    "change_message": ""
  }
},
{
  "model": "admin.logentry",
  "pk": 10,
  "fields": {
    "action_time": "2021-09-10T13:26:01.052Z",
    "user": [
      "shawen17"
    ],
    "content_type": [
      "givers",
      "give"
    ],
    "object_id": "5",
    "object_repr": "lg tv",
    "action_flag": 3,
    "change_message": ""
  }
},
{
  "model": "admin.logentry",
  "pk": 11,
  "fields": {
    "action_time": "2021-09-10T13:26:01.142Z",
    "user": [
      "shawen17"
    ],
    "content_type": [
      "givers",
      "give"
    ],
    "object_id": "4",
    "object_repr": "samsung tv",
    "action_flag": 3,
    "change_message": ""
  }
},
{
  "model": "admin.logentry",
  "pk": 12,
  "fields": {
    "action_time": "2021-09-10T13:26:01.275Z",
    "user": [
      "shawen17"
    ],
    "content_type": [
      "givers",
      "give"
    ],
    "object_id": "3",
    "object_repr": "kitchen pot set",
    "action_flag": 3,
    "change_message": ""
  }
},
{
  "model": "admin.logentry",
  "pk": 13,
  "fields": {
    "action_time": "2021-09-10T13:26:01.358Z",
    "user": [
      "shawen17"
    ],
    "content_type": [
      "givers",
      "give"
    ],
    "object_id": "2",
    "object_repr": "rechargeable fan",
    "action_flag": 3,
    "change_message": ""
  }
},
{
  "model": "admin.logentry",
  "pk": 14,
  "fields": {
    "action_time": "2021-09-13T15:20:31.141Z",
    "user": [
      "shawen17"
    ],
    "content_type": [
      "givers",
      "vendor"
    ],
    "object_id": "7",
    "object_repr": "techno phone",
    "action_flag": 2,
    "change_message": "[{\"changed\": {\"fields\": [\"Amount\"]}}]"
  }
},
{
  "model": "admin.logentry",
  "pk": 15,
  "fields": {
    "action_time": "2021-09-13T15:55:58.007Z",
    "user": [
      "shawen17"
    ],
    "content_type": [
      "givers",
      "vendor"
    ],
    "object_id": "8",
    "object_repr": "lg tv",
    "action_flag": 2,
    "change_message": "[{\"changed\": {\"fields\": [\"Amount\"]}}]"
  }
},
{
  "model": "admin.logentry",
  "pk": 16,
  "fields": {
    "action_time": "2021-09-13T17:04:26.110Z",
    "user": [
      "shawen17"
    ],
    "content_type": [
      "givers",
      "profile"
    ],
    "object_id": "3",
    "object_repr": "tammy",
    "action_flag": 2,
    "change_message": "[{\"changed\": {\"fields\": [\"State\", \"Sex\"]}}]"
  }
},
{
  "model": "admin.logentry",
  "pk": 17,
  "fields": {
    "action_time": "2021-09-13T17:04:48.501Z",
    "user": [
      "shawen17"
    ],
    "content_type": [
      "givers",
      "profile"
    ],
    "object_id": "2",
    "object_repr": "mayo",
    "action_flag": 2,
    "change_message": "[{\"changed\": {\"fields\": [\"State\", \"Sex\"]}}]"
  }
},
{
  "model": "admin.logentry",
  "pk": 18,
  "fields": {
    "action_time": "2021-09-17T15:04:26.949Z",
    "user": [
      "shawen17"
    ],
    "content_type": [
      "givers",
      "vendor"
    ],
    "object_id": "6",
    "object_repr": "baby toy",
    "action_flag": 3,
    "change_message": ""
  }
},
{
  "model": "admin.logentry",
  "pk": 19,
  "fields": {
    "action_time": "2021-09-23T09:20:05.775Z",
    "user": [
      "shawen17"
    ],
    "content_type": [
      "givers",
      "vendor"
    ],
    "object_id": "11",
    "object_repr": "bread",
    "action_flag": 2,
    "change_message": "[{\"changed\": {\"fields\": [\"Giver contacted\", \"Receiver contacted\", \"Amount\", \"Payment status\"]}}]"
  }
},
{
  "model": "admin.logentry",
  "pk": 20,
  "fields": {
    "action_time": "2021-09-23T11:47:22.252Z",
    "user": [
      "shawen17"
    ],
    "content_type": [
      "givers",
      "vendor"
    ],
    "object_id": "10",
    "object_repr": "t-shirts",
    "action_flag": 2,
    "change_message": "[{\"changed\": {\"fields\": [\"Giver contacted\", \"Receiver contacted\", \"Amount\"]}}]"
  }
},
{
  "model": "admin.logentry",
  "pk": 21,
  "fields": {
    "action_time": "2021-09-23T12:38:12.041Z",
    "user": [
      "shawen17"
    ],
    "content_type": [
      "givers",
      "give"
    ],
    "object_id": "27",
    "object_repr": "lg tv",
    "action_flag": 3,
    "change_message": ""
  }
},
{
  "model": "admin.logentry",
  "pk": 22,
  "fields": {
    "action_time": "2021-09-23T12:38:12.202Z",
    "user": [
      "shawen17"
    ],
    "content_type": [
      "givers",
      "give"
    ],
    "object_id": "25",
    "object_repr": "baby toy",
    "action_flag": 3,
    "change_message": ""
  }
},
{
  "model": "admin.logentry",
  "pk": 23,
  "fields": {
    "action_time": "2021-09-23T12:38:49.734Z",
    "user": [
      "shawen17"
    ],
    "content_type": [
      "auth",
      "user"
    ],
    "object_id": "3",
    "object_repr": "tammy",
    "action_flag": 3,
    "change_message": ""
  }
},
{
  "model": "admin.logentry",
  "pk": 24,
  "fields": {
    "action_time": "2021-09-23T13:02:36.804Z",
    "user": [
      "shawen17"
    ],
    "content_type": [
      "givers",
      "profile"
    ],
    "object_id": "6",
    "object_repr": "tobby",
    "action_flag": 2,
    "change_message": "[{\"changed\": {\"fields\": [\"State\", \"Sex\"]}}]"
  }
},
{
  "model": "admin.logentry",
  "pk": 25,
  "fields": {
    "action_time": "2021-09-23T13:03:03.419Z",
    "user": [
      "shawen17"
    ],
    "content_type": [
      "givers",
      "profile"
    ],
    "object_id": "4",
    "object_repr": "yinkly",
    "action_flag": 2,
    "change_message": "[{\"changed\": {\"fields\": [\"State\", \"Sex\"]}}]"
  }
},
{
  "model": "admin.logentry",
  "pk": 26,
  "fields": {
    "action_time": "2021-09-23T13:46:27.965Z",
    "user": [
      "shawen17"
    ],
    "content_type": [
      "givers",
      "vendor"
    ],
    "object_id": "13",
    "object_repr": "smart tv",
    "action_flag": 2,
    "change_message": "[{\"changed\": {\"fields\": [\"State\", \"Amount\"]}}]"
  }
},
{
  "model": "admin.logentry",
  "pk": 27,
  "fields": {
    "action_time": "2021-09-23T13:46:46.881Z",
    "user": [
      "shawen17"
    ],
    "content_type": [
      "givers",
      "vendor"
    ],
    "object_id": "12",
    "object_repr": "dinner set",
    "action_flag": 2,
    "change_message": "[{\"changed\": {\"fields\": [\"Amount\"]}}]"
  }
},
{
  "model": "admin.logentry",
  "pk": 28,
  "fields": {
    "action_time": "2021-09-23T14:09:52.779Z",
    "user": [
      "shawen17"
    ],
    "content_type": [
      "givers",
      "vendor"
    ],
    "object_id": "14",
    "object_repr": "pot",
    "action_flag": 2,
    "change_message": "[{\"changed\": {\"fields\": [\"Giver contacted\", \"Receiver contacted\", \"Amount\"]}}]"
  }
},
{
  "model": "admin.logentry",
  "pk": 29,
  "fields": {
    "action_time": "2021-09-23T14:31:25.371Z",
    "user": [
      "shawen17"
    ],
    "content_type": [
      "givers",
      "vendor"
    ],
    "object_id": "13",
    "object_repr": "smart tv",
    "action_flag": 2,
    "change_message": "[{\"changed\": {\"fields\": [\"Amount\"]}}]"
  }
},
{
  "model": "admin.logentry",
  "pk": 30,
  "fields": {
    "action_time": "2021-09-23T14:32:10.866Z",
    "user": [
      "shawen17"
    ],
    "content_type": [
      "givers",
      "vendor"
    ],
    "object_id": "14",
    "object_repr": "pot",
    "action_flag": 2,
    "change_message": "[{\"changed\": {\"fields\": [\"Amount\"]}}]"
  }
},
{
  "model": "admin.logentry",
  "pk": 31,
  "fields": {
    "action_time": "2021-09-23T14:32:40.915Z",
    "user": [
      "shawen17"
    ],
    "content_type": [
      "givers",
      "vendor"
    ],
    "object_id": "14",
    "object_repr": "pot",
    "action_flag": 2,
    "change_message": "[{\"changed\": {\"fields\": [\"Amount\"]}}]"
  }
},
{
  "model": "admin.logentry",
  "pk": 32,
  "fields": {
    "action_time": "2021-09-27T13:23:23.847Z",
    "user": [
      "shawen17"
    ],
    "content_type": [
      "givers",
      "vendor"
    ],
    "object_id": "21",
    "object_repr": "desktop systems",
    "action_flag": 2,
    "change_message": "[{\"changed\": {\"fields\": [\"State\", \"Giver contacted\", \"Receiver contacted\", \"Amount\"]}}]"
  }
},
{
  "model": "admin.logentry",
  "pk": 33,
  "fields": {
    "action_time": "2021-09-27T13:24:11.506Z",
    "user": [
      "shawen17"
    ],
    "content_type": [
      "givers",
      "vendor"
    ],
    "object_id": "17",
    "object_repr": "hp laptop",
    "action_flag": 2,
    "change_message": "[{\"changed\": {\"fields\": [\"Giver contacted\", \"Receiver contacted\", \"Amount\"]}}]"
  }
},
{
  "model": "admin.logentry",
  "pk": 34,
  "fields": {
    "action_time": "2021-09-27T13:24:39.822Z",
    "user": [
      "shawen17"
    ],
    "content_type": [
      "givers",
      "vendor"
    ],
    "object_id": "16",
    "object_repr": "pot",
    "action_flag": 2,
    "change_message": "[{\"changed\": {\"fields\": [\"State\", \"Giver contacted\", \"Receiver contacted\", \"Amount\"]}}]"
  }
},
{
  "model": "admin.logentry",
  "pk": 35,
  "fields": {
    "action_time": "2021-09-27T13:24:58.073Z",
    "user": [
      "shawen17"
    ],
    "content_type": [
      "givers",
      "vendor"
    ],
    "object_id": "15",
    "object_repr": "dildo",
    "action_flag": 2,
    "change_message": "[{\"changed\": {\"fields\": [\"Giver contacted\", \"Receiver contacted\", \"Amount\"]}}]"
  }
},
{
  "model": "admin.logentry",
  "pk": 36,
  "fields": {
    "action_time": "2021-09-28T14:03:06.654Z",
    "user": [
      "shawen17"
    ],
    "content_type": [
      "blog",
      "blog"
    ],
    "object_id": "1",
    "object_repr": "Things fall apart",
    "action_flag": 1,
    "change_message": "[{\"added\": {}}]"
  }
},
{
  "model": "admin.logentry",
  "pk": 37,
  "fields": {
    "action_time": "2021-09-28T14:04:52.779Z",
    "user": [
      "shawen17"
    ],
    "content_type": [
      "blog",
      "blog"
    ],
    "object_id": "2",
    "object_repr": "good journey",
    "action_flag": 1,
    "change_message": "[{\"added\": {}}]"
  }
},
{
  "model": "admin.logentry",
  "pk": 38,
  "fields": {
    "action_time": "2021-09-30T00:02:25.392Z",
    "user": [
      "shawen17"
    ],
    "content_type": [
      "givers",
      "vendor"
    ],
    "object_id": "18",
    "object_repr": "top",
    "action_flag": 2,
    "change_message": "[{\"changed\": {\"fields\": [\"Address\", \"Giver contacted\", \"Receiver contacted\", \"Amount\"]}}]"
  }
},
{
  "model": "admin.logentry",
  "pk": 39,
  "fields": {
    "action_time": "2021-09-30T19:33:01.303Z",
    "user": [
      "shawen17"
    ],
    "content_type": [
      "blog",
      "blog"
    ],
    "object_id": "3",
    "object_repr": "Fatherhood",
    "action_flag": 1,
    "change_message": "[{\"added\": {}}]"
  }
},
{
  "model": "admin.logentry",
  "pk": 40,
  "fields": {
    "action_time": "2021-09-30T19:37:12.824Z",
    "user": [
      "shawen17"
    ],
    "content_type": [
      "blog",
      "blog"
    ],
    "object_id": "4",
    "object_repr": "Motherhood",
    "action_flag": 1,
    "change_message": "[{\"added\": {}}]"
  }
},
{
  "model": "admin.logentry",
  "pk": 41,
  "fields": {
    "action_time": "2021-10-01T11:23:59.375Z",
    "user": [
      "shawen17"
    ],
    "content_type": [
      "givers",
      "profile"
    ],
    "object_id": "8",
    "object_repr": "otono",
    "action_flag": 2,
    "change_message": "[{\"changed\": {\"fields\": [\"Profile pic\"]}}]"
  }
},
{
  "model": "admin.logentry",
  "pk": 42,
  "fields": {
    "action_time": "2021-10-01T14:11:42.537Z",
    "user": [
      "shawen17"
    ],
    "content_type": [
      "givers",
      "vendor"
    ],
    "object_id": "19",
    "object_repr": "toy car",
    "action_flag": 2,
    "change_message": "[{\"changed\": {\"fields\": [\"Address\", \"Amount\"]}}]"
  }
},
{
  "model": "admin.logentry",
  "pk": 43,
  "fields": {
    "action_time": "2021-10-10T13:10:57.467Z",
    "user": [
      "shawen17"
    ],
    "content_type": [
      "givers",
      "vendor"
    ],
    "object_id": "13",
    "object_repr": "smart tv",
    "action_flag": 2,
    "change_message": "[{\"changed\": {\"fields\": [\"Address\", \"Payment status\"]}}]"
  }
},
{
  "model": "admin.logentry",
  "pk": 44,
  "fields": {
    "action_time": "2021-10-10T13:12:45.037Z",
    "user": [
      "shawen17"
    ],
    "content_type": [
      "givers",
      "vendor"
    ],
    "object_id": "16",
    "object_repr": "pot",
    "action_flag": 2,
    "change_message": "[{\"changed\": {\"fields\": [\"Address\", \"Payment status\"]}}]"
  }
},
{
  "model": "admin.logentry",
  "pk": 45,
  "fields": {
    "action_time": "2021-10-14T14:24:09.069Z",
    "user": [
      "shawen17"
    ],
    "content_type": [
      "givers",
      "profile"
    ],
    "object_id": "9",
    "object_repr": "joshua",
    "action_flag": 2,
    "change_message": "[{\"changed\": {\"fields\": [\"Firstname\", \"Phone number\"]}}]"
  }
},
{
  "model": "admin.logentry",
  "pk": 46,
  "fields": {
    "action_time": "2021-10-14T14:25:40.897Z",
    "user": [
      "shawen17"
    ],
    "content_type": [
      "givers",
      "profile"
    ],
    "object_id": "8",
    "object_repr": "otono",
    "action_flag": 2,
    "change_message": "[{\"changed\": {\"fields\": [\"Phone number\"]}}]"
  }
},
{
  "model": "admin.logentry",
  "pk": 47,
  "fields": {
    "action_time": "2021-10-14T14:27:05.665Z",
    "user": [
      "shawen17"
    ],
    "content_type": [
      "auth",
      "user"
    ],
    "object_id": "1",
    "object_repr": "shawen17",
    "action_flag": 2,
    "change_message": "[{\"changed\": {\"fields\": [\"First name\", \"Last name\"]}}, {\"changed\": {\"name\": \"profile\", \"object\": \"shawen17\", \"fields\": [\"Firstname\", \"Lastname\", \"Email\", \"State\", \"Sex\"]}}]"
  }
},
{
  "model": "admin.logentry",
  "pk": 48,
  "fields": {
    "action_time": "2021-10-14T14:28:26.720Z",
    "user": [
      "shawen17"
    ],
    "content_type": [
      "givers",
      "give"
    ],
    "object_id": "40",
    "object_repr": "desktop systems",
    "action_flag": 2,
    "change_message": "[{\"changed\": {\"fields\": [\"Giver number\", \"Address\"]}}, {\"changed\": {\"name\": \"vendor\", \"object\": \"desktop systems\", \"fields\": [\"Ticket\", \"Address\"]}}]"
  }
}
]
